-- MySQL dump 10.13  Distrib 5.7.24, for Linux (x86_64)
--
-- Host: localhost    Database: kojima
-- ------------------------------------------------------
-- Server version	5.7.24-0ubuntu0.16.04.1

/*!40101 SET @OLD_CHARACTER_SET_CLIENT=@@CHARACTER_SET_CLIENT */;
/*!40101 SET @OLD_CHARACTER_SET_RESULTS=@@CHARACTER_SET_RESULTS */;
/*!40101 SET @OLD_COLLATION_CONNECTION=@@COLLATION_CONNECTION */;
/*!40101 SET NAMES utf8 */;
/*!40103 SET @OLD_TIME_ZONE=@@TIME_ZONE */;
/*!40103 SET TIME_ZONE='+00:00' */;
/*!40014 SET @OLD_UNIQUE_CHECKS=@@UNIQUE_CHECKS, UNIQUE_CHECKS=0 */;
/*!40014 SET @OLD_FOREIGN_KEY_CHECKS=@@FOREIGN_KEY_CHECKS, FOREIGN_KEY_CHECKS=0 */;
/*!40101 SET @OLD_SQL_MODE=@@SQL_MODE, SQL_MODE='NO_AUTO_VALUE_ON_ZERO' */;
/*!40111 SET @OLD_SQL_NOTES=@@SQL_NOTES, SQL_NOTES=0 */;

--
-- Current Database: `kojima`
--

CREATE DATABASE /*!32312 IF NOT EXISTS*/ `kojima` /*!40100 DEFAULT CHARACTER SET cp1251 */;

USE `kojima`;

--
-- Table structure for table `Accounts`
--

DROP TABLE IF EXISTS `Accounts`;
/*!40101 SET @saved_cs_client     = @@character_set_client */;
/*!40101 SET character_set_client = utf8 */;
CREATE TABLE `Accounts` (
  `id_acc` int(11) NOT NULL AUTO_INCREMENT,
  `id_par_acc` int(11) DEFAULT NULL,
  `addate_acc` timestamp NULL DEFAULT CURRENT_TIMESTAMP,
  `title_acc` varchar(255) DEFAULT NULL,
  `id_user_owner` int(11) NOT NULL,
  `is_public` char(1) DEFAULT NULL,
  `id_acc_root` int(11) DEFAULT NULL,
  `sum_month_acc` int(11) NOT NULL DEFAULT '0',
  `date_last_sum` date DEFAULT NULL,
  PRIMARY KEY (`id_acc`),
  KEY `owner_user_id` (`id_user_owner`),
  KEY `Accounts_ibfk_1` (`id_par_acc`),
  CONSTRAINT `Accounts_ibfk_1` FOREIGN KEY (`id_par_acc`) REFERENCES `Accounts` (`id_acc`) ON DELETE CASCADE ON UPDATE CASCADE,
  CONSTRAINT `Accounts_ibfk_2` FOREIGN KEY (`id_user_owner`) REFERENCES `Users` (`id_user`) ON DELETE CASCADE ON UPDATE CASCADE
) ENGINE=InnoDB AUTO_INCREMENT=73 DEFAULT CHARSET=cp1251;
/*!40101 SET character_set_client = @saved_cs_client */;

--
-- Dumping data for table `Accounts`
--

LOCK TABLES `Accounts` WRITE;
/*!40000 ALTER TABLE `Accounts` DISABLE KEYS */;
INSERT INTO `Accounts` VALUES (6,NULL,'2020-02-19 09:51:30','RRR',36,'1',6,0,NULL),(28,NULL,'2020-05-04 06:07:14','Проекты',34,'0',28,0,NULL),(29,28,'2020-05-04 06:07:39','kojima',34,'0',28,0,NULL),(30,29,'2020-05-04 06:08:23','Задачи по разработке',34,'0',28,0,NULL),(32,NULL,'2020-05-05 07:33:17','Домашнее хозяйство',34,'1',32,0,NULL),(64,28,'2020-05-13 16:23:38','автопрокат',34,'0',28,0,NULL),(65,NULL,'2020-05-29 18:25:20','Кошельки',34,'0',65,0,NULL),(66,NULL,'2020-05-29 18:25:40','Женя Сбер',34,'0',66,0,NULL),(67,NULL,'2020-05-29 18:26:16','Проект1',34,'0',67,0,NULL),(68,NULL,'2020-05-29 18:26:55','Вклад',34,'0',68,0,NULL),(69,65,'2020-05-29 18:27:13','Альфа',34,'0',65,0,NULL),(70,65,'2020-05-29 18:27:23','Наличка',34,'0',65,0,NULL),(71,65,'2020-05-29 18:28:01','Бюджетные счета',34,'0',65,0,NULL),(72,65,'2020-05-29 18:28:30','Копим на тачку',34,'0',65,0,NULL);
/*!40000 ALTER TABLE `Accounts` ENABLE KEYS */;
UNLOCK TABLES;

--
-- Table structure for table `Forms`
--

DROP TABLE IF EXISTS `Forms`;
/*!40101 SET @saved_cs_client     = @@character_set_client */;
/*!40101 SET character_set_client = utf8 */;
CREATE TABLE `Forms` (
  `id_form` int(11) NOT NULL AUTO_INCREMENT,
  `title_form` varchar(256) DEFAULT NULL,
  `key_form` varchar(256) NOT NULL,
  `id_icon` int(11) DEFAULT NULL,
  `color_icon_form` varchar(100) DEFAULT NULL,
  `id_acc` int(11) NOT NULL,
  PRIMARY KEY (`id_form`),
  KEY `Forms_FK` (`id_icon`),
  KEY `Forms_FK_1` (`id_acc`),
  CONSTRAINT `Forms_FK` FOREIGN KEY (`id_icon`) REFERENCES `Icons` (`id_icon`) ON DELETE SET NULL ON UPDATE CASCADE,
  CONSTRAINT `Forms_FK_1` FOREIGN KEY (`id_acc`) REFERENCES `Accounts` (`id_acc`) ON DELETE CASCADE ON UPDATE CASCADE
) ENGINE=InnoDB DEFAULT CHARSET=cp1251;
/*!40101 SET character_set_client = @saved_cs_client */;

--
-- Dumping data for table `Forms`
--

LOCK TABLES `Forms` WRITE;
/*!40000 ALTER TABLE `Forms` DISABLE KEYS */;
/*!40000 ALTER TABLE `Forms` ENABLE KEYS */;
UNLOCK TABLES;

--
-- Table structure for table `Icons`
--

DROP TABLE IF EXISTS `Icons`;
/*!40101 SET @saved_cs_client     = @@character_set_client */;
/*!40101 SET character_set_client = utf8 */;
CREATE TABLE `Icons` (
  `id_icon` int(11) NOT NULL AUTO_INCREMENT,
  `class_icon` varchar(255) DEFAULT NULL,
  PRIMARY KEY (`id_icon`)
) ENGINE=InnoDB AUTO_INCREMENT=787 DEFAULT CHARSET=cp1251;
/*!40101 SET character_set_client = @saved_cs_client */;

--
-- Dumping data for table `Icons`
--

LOCK TABLES `Icons` WRITE;
/*!40000 ALTER TABLE `Icons` DISABLE KEYS */;
INSERT INTO `Icons` VALUES (1,'fa-500px'),(2,'fa-address-book'),(3,'fa-address-book-o'),(4,'fa-address-card'),(5,'fa-address-card-o'),(6,'fa-adjust'),(7,'fa-adn'),(8,'fa-align-center'),(9,'fa-align-justify'),(10,'fa-align-left'),(11,'fa-align-right'),(12,'fa-amazon'),(13,'fa-ambulance'),(14,'fa-american-sign-language-interpreting'),(15,'fa-anchor'),(16,'fa-android'),(17,'fa-angellist'),(18,'fa-angle-double-down'),(19,'fa-angle-double-left'),(20,'fa-angle-double-right'),(21,'fa-angle-double-up'),(22,'fa-angle-down'),(23,'fa-angle-left'),(24,'fa-angle-right'),(25,'fa-angle-up'),(26,'fa-apple'),(27,'fa-archive'),(28,'fa-area-chart'),(29,'fa-arrow-circle-down'),(30,'fa-arrow-circle-left'),(31,'fa-arrow-circle-o-down'),(32,'fa-arrow-circle-o-left'),(33,'fa-arrow-circle-o-right'),(34,'fa-arrow-circle-o-up'),(35,'fa-arrow-circle-right'),(36,'fa-arrow-circle-up'),(37,'fa-arrow-down'),(38,'fa-arrow-left'),(39,'fa-arrow-right'),(40,'fa-arrow-up'),(41,'fa-arrows'),(42,'fa-arrows-alt'),(43,'fa-arrows-h'),(44,'fa-arrows-v'),(46,'fa-assistive-listening-systems'),(47,'fa-asterisk'),(48,'fa-at'),(49,'fa-audio-description'),(51,'fa-backward'),(52,'fa-balance-scale'),(53,'fa-ban'),(54,'fa-bandcamp'),(56,'fa-bar-chart'),(58,'fa-barcode'),(59,'fa-bars'),(60,'fa-bath'),(68,'fa-battery-empty'),(69,'fa-battery-full'),(70,'fa-battery-half'),(71,'fa-battery-quarter'),(72,'fa-battery-three-quarters'),(73,'fa-bed'),(74,'fa-beer'),(75,'fa-behance'),(76,'fa-behance-square'),(77,'fa-bell'),(78,'fa-bell-o'),(79,'fa-bell-slash'),(80,'fa-bell-slash-o'),(81,'fa-bicycle'),(82,'fa-binoculars'),(83,'fa-birthday-cake'),(84,'fa-bitbucket'),(85,'fa-bitbucket-square'),(87,'fa-black-tie'),(88,'fa-blind'),(89,'fa-bluetooth'),(90,'fa-bluetooth-b'),(91,'fa-bold'),(92,'fa-bolt'),(93,'fa-bomb'),(94,'fa-book'),(95,'fa-bookmark'),(96,'fa-bookmark-o'),(97,'fa-braille'),(98,'fa-briefcase'),(99,'fa-btc'),(100,'fa-bug'),(101,'fa-building'),(102,'fa-building-o'),(103,'fa-bullhorn'),(104,'fa-bullseye'),(105,'fa-bus'),(106,'fa-buysellads'),(108,'fa-calculator'),(109,'fa-calendar'),(110,'fa-calendar-check-o'),(111,'fa-calendar-minus-o'),(112,'fa-calendar-o'),(113,'fa-calendar-plus-o'),(114,'fa-calendar-times-o'),(115,'fa-camera'),(116,'fa-camera-retro'),(117,'fa-car'),(118,'fa-caret-down'),(119,'fa-caret-left'),(120,'fa-caret-right'),(121,'fa-caret-square-o-down'),(122,'fa-caret-square-o-left'),(123,'fa-caret-square-o-right'),(124,'fa-caret-square-o-up'),(125,'fa-caret-up'),(126,'fa-cart-arrow-down'),(127,'fa-cart-plus'),(128,'fa-cc'),(129,'fa-cc-amex'),(130,'fa-cc-diners-club'),(131,'fa-cc-discover'),(132,'fa-cc-jcb'),(133,'fa-cc-mastercard'),(134,'fa-cc-paypal'),(135,'fa-cc-stripe'),(136,'fa-cc-visa'),(137,'fa-certificate'),(139,'fa-chain-broken'),(140,'fa-check'),(141,'fa-check-circle'),(142,'fa-check-circle-o'),(143,'fa-check-square'),(144,'fa-check-square-o'),(145,'fa-chevron-circle-down'),(146,'fa-chevron-circle-left'),(147,'fa-chevron-circle-right'),(148,'fa-chevron-circle-up'),(149,'fa-chevron-down'),(150,'fa-chevron-left'),(151,'fa-chevron-right'),(152,'fa-chevron-up'),(153,'fa-child'),(154,'fa-chrome'),(155,'fa-circle'),(156,'fa-circle-o'),(157,'fa-circle-o-notch'),(158,'fa-circle-thin'),(159,'fa-clipboard'),(160,'fa-clock-o'),(161,'fa-clone'),(163,'fa-cloud'),(164,'fa-cloud-download'),(165,'fa-cloud-upload'),(167,'fa-code'),(168,'fa-code-fork'),(169,'fa-codepen'),(170,'fa-codiepie'),(171,'fa-coffee'),(172,'fa-cog'),(173,'fa-cogs'),(174,'fa-columns'),(175,'fa-comment'),(176,'fa-comment-o'),(177,'fa-commenting'),(178,'fa-commenting-o'),(179,'fa-comments'),(180,'fa-comments-o'),(181,'fa-compass'),(182,'fa-compress'),(183,'fa-connectdevelop'),(184,'fa-contao'),(186,'fa-copyright'),(187,'fa-creative-commons'),(188,'fa-credit-card'),(189,'fa-credit-card-alt'),(190,'fa-crop'),(191,'fa-crosshairs'),(192,'fa-css3'),(193,'fa-cube'),(194,'fa-cubes'),(196,'fa-cutlery'),(198,'fa-dashcube'),(199,'fa-database'),(200,'fa-deaf'),(203,'fa-delicious'),(204,'fa-desktop'),(205,'fa-deviantart'),(206,'fa-diamond'),(207,'fa-digg'),(209,'fa-dot-circle-o'),(210,'fa-download'),(211,'fa-dribbble'),(214,'fa-dropbox'),(215,'fa-drupal'),(216,'fa-edge'),(218,'fa-eercast'),(219,'fa-eject'),(220,'fa-ellipsis-h'),(221,'fa-ellipsis-v'),(222,'fa-empire'),(223,'fa-envelope'),(224,'fa-envelope-o'),(225,'fa-envelope-open'),(226,'fa-envelope-open-o'),(227,'fa-envelope-square'),(228,'fa-envira'),(229,'fa-eraser'),(230,'fa-etsy'),(231,'fa-eur'),(233,'fa-exchange'),(234,'fa-exclamation'),(235,'fa-exclamation-circle'),(236,'fa-exclamation-triangle'),(237,'fa-expand'),(238,'fa-expeditedssl'),(239,'fa-external-link'),(240,'fa-external-link-square'),(241,'fa-eye'),(242,'fa-eye-slash'),(243,'fa-eyedropper'),(245,'fa-facebook'),(247,'fa-facebook-official'),(248,'fa-facebook-square'),(249,'fa-fast-backward'),(250,'fa-fast-forward'),(251,'fa-fax'),(253,'fa-female'),(254,'fa-fighter-jet'),(255,'fa-file'),(256,'fa-file-archive-o'),(257,'fa-file-audio-o'),(258,'fa-file-code-o'),(259,'fa-file-excel-o'),(260,'fa-file-image-o'),(262,'fa-file-o'),(263,'fa-file-pdf-o'),(266,'fa-file-powerpoint-o'),(268,'fa-file-text'),(269,'fa-file-text-o'),(270,'fa-file-video-o'),(271,'fa-file-word-o'),(273,'fa-files-o'),(274,'fa-film'),(275,'fa-filter'),(276,'fa-fire'),(277,'fa-fire-extinguisher'),(278,'fa-firefox'),(279,'fa-first-order'),(280,'fa-flag'),(281,'fa-flag-checkered'),(282,'fa-flag-o'),(284,'fa-flask'),(285,'fa-flickr'),(286,'fa-floppy-o'),(287,'fa-folder'),(288,'fa-folder-o'),(289,'fa-folder-open'),(290,'fa-folder-open-o'),(291,'fa-font'),(292,'fa-font-awesome'),(293,'fa-fonticons'),(294,'fa-fort-awesome'),(295,'fa-forumbee'),(296,'fa-forward'),(297,'fa-foursquare'),(298,'fa-free-code-camp'),(299,'fa-frown-o'),(300,'fa-futbol-o'),(301,'fa-gamepad'),(302,'fa-gavel'),(303,'fa-gbp'),(307,'fa-genderless'),(308,'fa-get-pocket'),(309,'fa-gg'),(310,'fa-gg-circle'),(311,'fa-gift'),(312,'fa-git'),(313,'fa-git-square'),(314,'fa-github'),(315,'fa-github-alt'),(316,'fa-github-square'),(317,'fa-gitlab'),(319,'fa-glass'),(320,'fa-glide'),(321,'fa-glide-g'),(322,'fa-globe'),(323,'fa-google'),(324,'fa-google-plus'),(326,'fa-google-plus-official'),(327,'fa-google-plus-square'),(328,'fa-google-wallet'),(329,'fa-graduation-cap'),(330,'fa-gratipay'),(331,'fa-grav'),(333,'fa-h-square'),(334,'fa-hacker-news'),(336,'fa-hand-lizard-o'),(337,'fa-hand-o-down'),(338,'fa-hand-o-left'),(339,'fa-hand-o-right'),(340,'fa-hand-o-up'),(341,'fa-hand-paper-o'),(342,'fa-hand-peace-o'),(343,'fa-hand-pointer-o'),(344,'fa-hand-rock-o'),(345,'fa-hand-scissors-o'),(346,'fa-hand-spock-o'),(348,'fa-handshake-o'),(350,'fa-hashtag'),(351,'fa-hdd-o'),(352,'fa-header'),(353,'fa-headphones'),(354,'fa-heart'),(355,'fa-heart-o'),(356,'fa-heartbeat'),(357,'fa-history'),(358,'fa-home'),(359,'fa-hospital-o'),(361,'fa-hourglass'),(365,'fa-hourglass-end'),(366,'fa-hourglass-half'),(367,'fa-hourglass-o'),(368,'fa-hourglass-start'),(369,'fa-houzz'),(370,'fa-html5'),(371,'fa-i-cursor'),(372,'fa-id-badge'),(373,'fa-id-card'),(374,'fa-id-card-o'),(375,'fa-ils'),(377,'fa-imdb'),(378,'fa-inbox'),(379,'fa-indent'),(380,'fa-industry'),(381,'fa-info'),(382,'fa-info-circle'),(383,'fa-inr'),(384,'fa-instagram'),(386,'fa-internet-explorer'),(388,'fa-ioxhost'),(389,'fa-italic'),(390,'fa-joomla'),(391,'fa-jpy'),(392,'fa-jsfiddle'),(393,'fa-key'),(394,'fa-keyboard-o'),(395,'fa-krw'),(396,'fa-language'),(397,'fa-laptop'),(398,'fa-lastfm'),(399,'fa-lastfm-square'),(400,'fa-leaf'),(401,'fa-leanpub'),(403,'fa-lemon-o'),(404,'fa-level-down'),(405,'fa-level-up'),(408,'fa-life-ring'),(410,'fa-lightbulb-o'),(411,'fa-line-chart'),(412,'fa-link'),(413,'fa-linkedin'),(414,'fa-linkedin-square'),(415,'fa-linode'),(416,'fa-linux'),(417,'fa-list'),(418,'fa-list-alt'),(419,'fa-list-ol'),(420,'fa-list-ul'),(421,'fa-location-arrow'),(422,'fa-lock'),(423,'fa-long-arrow-down'),(424,'fa-long-arrow-left'),(425,'fa-long-arrow-right'),(426,'fa-long-arrow-up'),(427,'fa-low-vision'),(428,'fa-magic'),(429,'fa-magnet'),(433,'fa-male'),(434,'fa-map'),(435,'fa-map-marker'),(436,'fa-map-o'),(437,'fa-map-pin'),(438,'fa-map-signs'),(439,'fa-mars'),(440,'fa-mars-double'),(441,'fa-mars-stroke'),(442,'fa-mars-stroke-h'),(443,'fa-mars-stroke-v'),(444,'fa-maxcdn'),(445,'fa-meanpath'),(446,'fa-medium'),(447,'fa-medkit'),(448,'fa-meetup'),(449,'fa-meh-o'),(450,'fa-mercury'),(451,'fa-microchip'),(452,'fa-microphone'),(453,'fa-microphone-slash'),(454,'fa-minus'),(455,'fa-minus-circle'),(456,'fa-minus-square'),(457,'fa-minus-square-o'),(458,'fa-mixcloud'),(459,'fa-mobile'),(461,'fa-modx'),(462,'fa-money'),(463,'fa-moon-o'),(465,'fa-motorcycle'),(466,'fa-mouse-pointer'),(467,'fa-music'),(469,'fa-neuter'),(470,'fa-newspaper-o'),(471,'fa-object-group'),(472,'fa-object-ungroup'),(473,'fa-odnoklassniki'),(474,'fa-odnoklassniki-square'),(475,'fa-opencart'),(476,'fa-openid'),(477,'fa-opera'),(478,'fa-optin-monster'),(479,'fa-outdent'),(480,'fa-pagelines'),(481,'fa-paint-brush'),(482,'fa-paper-plane'),(483,'fa-paper-plane-o'),(484,'fa-paperclip'),(485,'fa-paragraph'),(487,'fa-pause'),(488,'fa-pause-circle'),(489,'fa-pause-circle-o'),(490,'fa-paw'),(491,'fa-paypal'),(492,'fa-pencil'),(493,'fa-pencil-square'),(494,'fa-pencil-square-o'),(495,'fa-percent'),(496,'fa-phone'),(497,'fa-phone-square'),(499,'fa-picture-o'),(500,'fa-pie-chart'),(501,'fa-pied-piper'),(502,'fa-pied-piper-alt'),(503,'fa-pied-piper-pp'),(504,'fa-pinterest'),(505,'fa-pinterest-p'),(506,'fa-pinterest-square'),(507,'fa-plane'),(508,'fa-play'),(509,'fa-play-circle'),(510,'fa-play-circle-o'),(511,'fa-plug'),(512,'fa-plus'),(513,'fa-plus-circle'),(514,'fa-plus-square'),(515,'fa-plus-square-o'),(516,'fa-podcast'),(517,'fa-power-off'),(518,'fa-print'),(519,'fa-product-hunt'),(520,'fa-puzzle-piece'),(521,'fa-qq'),(522,'fa-qrcode'),(523,'fa-question'),(524,'fa-question-circle'),(525,'fa-question-circle-o'),(526,'fa-quora'),(527,'fa-quote-left'),(528,'fa-quote-right'),(530,'fa-random'),(531,'fa-ravelry'),(532,'fa-rebel'),(533,'fa-recycle'),(534,'fa-reddit'),(535,'fa-reddit-alien'),(536,'fa-reddit-square'),(537,'fa-refresh'),(538,'fa-registered'),(540,'fa-renren'),(542,'fa-repeat'),(543,'fa-reply'),(544,'fa-reply-all'),(546,'fa-retweet'),(548,'fa-road'),(549,'fa-rocket'),(553,'fa-rss'),(554,'fa-rss-square'),(555,'fa-rub'),(559,'fa-safari'),(561,'fa-scissors'),(562,'fa-scribd'),(563,'fa-search'),(564,'fa-search-minus'),(565,'fa-search-plus'),(566,'fa-sellsy'),(569,'fa-server'),(570,'fa-share'),(571,'fa-share-alt'),(572,'fa-share-alt-square'),(573,'fa-share-square'),(574,'fa-share-square-o'),(577,'fa-shield'),(578,'fa-ship'),(579,'fa-shirtsinbulk'),(580,'fa-shopping-bag'),(581,'fa-shopping-basket'),(582,'fa-shopping-cart'),(583,'fa-shower'),(584,'fa-sign-in'),(585,'fa-sign-language'),(586,'fa-sign-out'),(587,'fa-signal'),(589,'fa-simplybuilt'),(590,'fa-sitemap'),(591,'fa-skyatlas'),(592,'fa-skype'),(593,'fa-slack'),(594,'fa-sliders'),(595,'fa-slideshare'),(596,'fa-smile-o'),(597,'fa-snapchat'),(598,'fa-snapchat-ghost'),(599,'fa-snapchat-square'),(600,'fa-snowflake-o'),(602,'fa-sort'),(603,'fa-sort-alpha-asc'),(604,'fa-sort-alpha-desc'),(605,'fa-sort-amount-asc'),(606,'fa-sort-amount-desc'),(607,'fa-sort-asc'),(608,'fa-sort-desc'),(610,'fa-sort-numeric-asc'),(611,'fa-sort-numeric-desc'),(613,'fa-soundcloud'),(614,'fa-space-shuttle'),(615,'fa-spinner'),(616,'fa-spoon'),(617,'fa-spotify'),(618,'fa-square'),(619,'fa-square-o'),(620,'fa-stack-exchange'),(621,'fa-stack-overflow'),(622,'fa-star'),(623,'fa-star-half'),(626,'fa-star-half-o'),(627,'fa-star-o'),(628,'fa-steam'),(629,'fa-steam-square'),(630,'fa-step-backward'),(631,'fa-step-forward'),(632,'fa-stethoscope'),(633,'fa-sticky-note'),(634,'fa-sticky-note-o'),(635,'fa-stop'),(636,'fa-stop-circle'),(637,'fa-stop-circle-o'),(638,'fa-street-view'),(639,'fa-strikethrough'),(640,'fa-stumbleupon'),(641,'fa-stumbleupon-circle'),(642,'fa-subscript'),(643,'fa-subway'),(644,'fa-suitcase'),(645,'fa-sun-o'),(646,'fa-superpowers'),(647,'fa-superscript'),(649,'fa-table'),(650,'fa-tablet'),(651,'fa-tachometer'),(652,'fa-tag'),(653,'fa-tags'),(654,'fa-tasks'),(655,'fa-taxi'),(656,'fa-telegram'),(657,'fa-television'),(658,'fa-tencent-weibo'),(659,'fa-terminal'),(660,'fa-text-height'),(661,'fa-text-width'),(662,'fa-th'),(663,'fa-th-large'),(664,'fa-th-list'),(665,'fa-themeisle'),(672,'fa-thermometer-empty'),(673,'fa-thermometer-full'),(674,'fa-thermometer-half'),(675,'fa-thermometer-quarter'),(676,'fa-thermometer-three-quarters'),(677,'fa-thumb-tack'),(678,'fa-thumbs-down'),(679,'fa-thumbs-o-down'),(680,'fa-thumbs-o-up'),(681,'fa-thumbs-up'),(682,'fa-ticket'),(683,'fa-times'),(684,'fa-times-circle'),(685,'fa-times-circle-o'),(688,'fa-tint'),(691,'fa-toggle-off'),(692,'fa-toggle-on'),(695,'fa-trademark'),(696,'fa-train'),(697,'fa-transgender'),(698,'fa-transgender-alt'),(699,'fa-trash'),(700,'fa-trash-o'),(701,'fa-tree'),(702,'fa-trello'),(703,'fa-tripadvisor'),(704,'fa-trophy'),(705,'fa-truck'),(706,'fa-try'),(707,'fa-tty'),(708,'fa-tumblr'),(709,'fa-tumblr-square'),(712,'fa-twitch'),(713,'fa-twitter'),(714,'fa-twitter-square'),(715,'fa-umbrella'),(716,'fa-underline'),(717,'fa-undo'),(718,'fa-universal-access'),(719,'fa-university'),(721,'fa-unlock'),(722,'fa-unlock-alt'),(724,'fa-upload'),(725,'fa-usb'),(726,'fa-usd'),(727,'fa-user'),(728,'fa-user-circle'),(729,'fa-user-circle-o'),(730,'fa-user-md'),(731,'fa-user-o'),(732,'fa-user-plus'),(733,'fa-user-secret'),(734,'fa-user-times'),(735,'fa-users'),(738,'fa-venus'),(739,'fa-venus-double'),(740,'fa-venus-mars'),(741,'fa-viacoin'),(742,'fa-viadeo'),(743,'fa-viadeo-square'),(744,'fa-video-camera'),(745,'fa-vimeo'),(746,'fa-vimeo-square'),(747,'fa-vine'),(748,'fa-vk'),(749,'fa-volume-control-phone'),(750,'fa-volume-down'),(751,'fa-volume-off'),(752,'fa-volume-up'),(755,'fa-weibo'),(756,'fa-weixin'),(757,'fa-whatsapp'),(758,'fa-wheelchair'),(759,'fa-wheelchair-alt'),(760,'fa-wifi'),(761,'fa-wikipedia-w'),(762,'fa-window-close'),(763,'fa-window-close-o'),(764,'fa-window-maximize'),(765,'fa-window-minimize'),(766,'fa-window-restore'),(767,'fa-windows'),(769,'fa-wordpress'),(770,'fa-wpbeginner'),(771,'fa-wpexplorer'),(772,'fa-wpforms'),(773,'fa-wrench'),(774,'fa-xing'),(775,'fa-xing-square'),(776,'fa-y-combinator'),(778,'fa-yahoo'),(781,'fa-yelp'),(783,'fa-yoast'),(784,'fa-youtube'),(785,'fa-youtube-play'),(786,'fa-youtube-square');
/*!40000 ALTER TABLE `Icons` ENABLE KEYS */;
UNLOCK TABLES;

--
-- Table structure for table `Items`
--

DROP TABLE IF EXISTS `Items`;
/*!40101 SET @saved_cs_client     = @@character_set_client */;
/*!40101 SET character_set_client = utf8 */;
CREATE TABLE `Items` (
  `id_item` int(11) NOT NULL AUTO_INCREMENT,
  `title_item` varchar(255) NOT NULL,
  `is_vertual_item` char(1) DEFAULT NULL COMMENT 'Виртуальная операция, не учитывается при расчете баланса по счету',
  `id_acc` int(11) DEFAULT NULL,
  `discript_item` varchar(1000) DEFAULT NULL,
  `id_user` int(11) NOT NULL,
  `addate` timestamp NOT NULL DEFAULT CURRENT_TIMESTAMP,
  `is_cost` char(1) DEFAULT NULL COMMENT 'Является расходной операцийе',
  `budget_month_item` int(11) DEFAULT NULL COMMENT 'Бюджет на месяц',
  `default_price_item` int(11) DEFAULT NULL COMMENT 'Цена по умолчанию для транзакции указанной категории',
  `unit_price_item` varchar(100) DEFAULT NULL COMMENT 'Еденица измерения',
  `is_for_sub` char(1) DEFAULT NULL COMMENT 'Доступна для подчинённых',
  `id_acc_root` int(11) DEFAULT NULL,
  PRIMARY KEY (`id_item`),
  KEY `id_acc` (`id_acc`),
  CONSTRAINT `Items_ibfk_1` FOREIGN KEY (`id_acc`) REFERENCES `Accounts` (`id_acc`) ON DELETE CASCADE
) ENGINE=InnoDB AUTO_INCREMENT=61 DEFAULT CHARSET=cp1251;
/*!40101 SET character_set_client = @saved_cs_client */;

--
-- Dumping data for table `Items`
--

LOCK TABLES `Items` WRITE;
/*!40000 ALTER TABLE `Items` DISABLE KEYS */;
INSERT INTO `Items` VALUES (-2,'Перевод  со счета','0',NULL,'Общая категория, для переводов',34,'2020-05-01 11:20:08','0',NULL,NULL,NULL,NULL,NULL),(-1,'Перевод  на счет','0',NULL,'Общая категория, для переводов',34,'2020-05-01 11:20:08','1',NULL,NULL,NULL,NULL,NULL),(30,'По интерфейсу','0',30,NULL,34,'2020-05-04 06:09:16','1',NULL,NULL,NULL,'0',NULL),(31,'back-end','0',30,'Скрипты и АПИ',34,'2020-05-04 06:10:09','1',NULL,NULL,NULL,'0',NULL),(34,'Запрос','1',29,NULL,34,'2020-05-05 07:23:50','1',NULL,NULL,NULL,NULL,NULL),(35,'Коммунальные платежи','0',32,NULL,34,'2020-05-05 07:55:11','1',NULL,NULL,NULL,NULL,32),(36,'Вкусняхи','0',32,'\"Вредные\" но вкусные',34,'2020-05-05 08:41:51','1',NULL,NULL,NULL,NULL,32),(37,'Продукты','0',32,'Продукты питания и для приготовления пищи',34,'2020-05-05 08:42:29','1',500000,NULL,NULL,NULL,32),(40,'Транспортные расходы','0',32,'По умолчанию стоимость за трамвай туда обратно',34,'2020-05-08 18:28:50','1',300000,5600,NULL,NULL,32),(55,'Пользовательский запрос','1',28,'Запрос на доработку или обслуживание от пользователя системы',34,'2020-05-13 16:25:25','1',300000,25000,'чч','1',28),(56,'Задача','0',28,'Сформулированная задача',34,'2020-05-13 16:26:50','1',NULL,NULL,NULL,'1',28),(57,'Питомцы','0',32,NULL,34,'2020-05-18 19:25:51','1',80000,NULL,NULL,'0',32),(58,'456','0',6,'11',36,'2020-05-22 06:39:05','0',NULL,NULL,NULL,'0',6),(59,'Привалило','0',65,NULL,34,'2020-05-29 18:32:28','0',NULL,NULL,NULL,'1',65),(60,'Как не бывало','0',65,NULL,34,'2020-05-29 18:32:42','1',NULL,NULL,NULL,'1',65);
/*!40000 ALTER TABLE `Items` ENABLE KEYS */;
UNLOCK TABLES;

--
-- Table structure for table `OpType`
--

DROP TABLE IF EXISTS `OpType`;
/*!40101 SET @saved_cs_client     = @@character_set_client */;
/*!40101 SET character_set_client = utf8 */;
CREATE TABLE `OpType` (
  `id_typeop` int(11) NOT NULL AUTO_INCREMENT,
  `alias_typeop` char(2) NOT NULL,
  `title_typeop` varchar(100) NOT NULL,
  `description_typeop` varchar(2000) DEFAULT NULL,
  `icon_class_op` varchar(256) DEFAULT NULL,
  PRIMARY KEY (`id_typeop`),
  UNIQUE KEY `OpType_UN` (`alias_typeop`)
) ENGINE=InnoDB AUTO_INCREMENT=4 DEFAULT CHARSET=cp1251;
/*!40101 SET character_set_client = @saved_cs_client */;

--
-- Dumping data for table `OpType`
--

LOCK TABLES `OpType` WRITE;
/*!40000 ALTER TABLE `OpType` DISABLE KEYS */;
INSERT INTO `OpType` VALUES (1,'AA','Обычная','Шаблон операции, который используется для групперовки логически связанных транзакций. ','fa fa-sticky-note-o'),(2,'TF','Перевод','Операция для перевода ДС между счетами. Создает транзакцию расхода на одном счете и транзакцию дохода на другом.','fa fa-share-square-o'),(3,'CT','Циклическая','Создает повтаряющуюся транзакцию, с указанием отрезка повторения - день, месяц, год.','fa fa-history');
/*!40000 ALTER TABLE `OpType` ENABLE KEYS */;
UNLOCK TABLES;

--
-- Table structure for table `Operations`
--

DROP TABLE IF EXISTS `Operations`;
/*!40101 SET @saved_cs_client     = @@character_set_client */;
/*!40101 SET character_set_client = utf8 */;
CREATE TABLE `Operations` (
  `id_op` int(11) NOT NULL AUTO_INCREMENT,
  `addate_op` timestamp NULL DEFAULT CURRENT_TIMESTAMP,
  `id_owner_op` int(11) NOT NULL,
  `comment_op` varchar(2000) DEFAULT NULL,
  `code_op` char(12) DEFAULT NULL,
  `amount_op` int(11) NOT NULL,
  `type_op` char(2) NOT NULL,
  PRIMARY KEY (`id_op`),
  KEY `Operations_FK` (`id_owner_op`),
  CONSTRAINT `Operations_FK` FOREIGN KEY (`id_owner_op`) REFERENCES `Users` (`id_user`) ON DELETE CASCADE
) ENGINE=InnoDB AUTO_INCREMENT=347 DEFAULT CHARSET=cp1251;
/*!40101 SET character_set_client = @saved_cs_client */;

--
-- Dumping data for table `Operations`
--

LOCK TABLES `Operations` WRITE;
/*!40000 ALTER TABLE `Operations` DISABLE KEYS */;
INSERT INTO `Operations` VALUES (334,'2020-05-04 06:24:49',34,'Работы по первому этапу kojima','AA000002E000',0,'AA'),(336,'2020-05-05 07:59:01',34,'Билайн-интернет (964)9057691','CT000002E600',600,'CT'),(339,'2020-05-20 13:13:58',34,'Работы по второму этапу kojima','AA000003E000',0,'AA'),(346,'2020-05-29 18:54:35',34,'Перевод средств Альфа в Бюджетные счета','TF000007K020',20000,'TF');
/*!40000 ALTER TABLE `Operations` ENABLE KEYS */;
UNLOCK TABLES;

--
-- Table structure for table `Transactions`
--

DROP TABLE IF EXISTS `Transactions`;
/*!40101 SET @saved_cs_client     = @@character_set_client */;
/*!40101 SET character_set_client = utf8 */;
CREATE TABLE `Transactions` (
  `id_trans` int(11) NOT NULL AUTO_INCREMENT,
  `id_acc` int(11) DEFAULT NULL,
  `id_item` int(11) DEFAULT NULL,
  `id_user` int(11) NOT NULL,
  `addate_trans` timestamp NOT NULL DEFAULT CURRENT_TIMESTAMP,
  `date_plan` date NOT NULL,
  `date_fact` datetime DEFAULT NULL,
  `ammount_trans` int(11) DEFAULT NULL,
  `comment_trans` varchar(2000) DEFAULT NULL COMMENT 'Комментарий для транзакции\r\n',
  `id_op` int(11) DEFAULT NULL,
  `count_trans` int(11) DEFAULT '1',
  PRIMARY KEY (`id_trans`),
  KEY `FK_Transaction_Accounts` (`id_acc`),
  KEY `FK_Transaction_Items` (`id_item`),
  KEY `FK_Transaction_Users` (`id_user`),
  KEY `Transactions_FK` (`id_op`),
  CONSTRAINT `FK_Transaction_Accounts` FOREIGN KEY (`id_acc`) REFERENCES `Accounts` (`id_acc`) ON DELETE SET NULL ON UPDATE CASCADE,
  CONSTRAINT `FK_Transaction_Items` FOREIGN KEY (`id_item`) REFERENCES `Items` (`id_item`) ON DELETE SET NULL ON UPDATE CASCADE,
  CONSTRAINT `FK_Transaction_Users` FOREIGN KEY (`id_user`) REFERENCES `Users` (`id_user`) ON UPDATE CASCADE,
  CONSTRAINT `Transactions_FK` FOREIGN KEY (`id_op`) REFERENCES `Operations` (`id_op`) ON DELETE CASCADE
) ENGINE=InnoDB AUTO_INCREMENT=895 DEFAULT CHARSET=cp1251 COMMENT='Транзакции по счетам';
/*!40101 SET character_set_client = @saved_cs_client */;

--
-- Dumping data for table `Transactions`
--

LOCK TABLES `Transactions` WRITE;
/*!40000 ALTER TABLE `Transactions` DISABLE KEYS */;
INSERT INTO `Transactions` VALUES (312,NULL,NULL,34,'2020-04-16 11:15:31','2020-04-15','2020-04-15 00:00:00',10000,'Пепси',NULL,1),(313,NULL,NULL,34,'2020-04-16 11:15:45','2020-04-15','2020-04-15 00:00:00',40000,'Пицца',NULL,1),(314,NULL,NULL,34,'2020-04-16 11:17:02','2020-04-16','2020-04-16 00:00:00',2000,'Картоха',NULL,1),(315,NULL,NULL,34,'2020-04-16 11:17:20','2020-04-16','2020-04-16 00:00:00',15400,'Капуста',NULL,1),(316,NULL,NULL,34,'2020-04-16 11:17:34','2020-04-16','2020-04-16 00:00:00',8000,'шоколад',NULL,1),(319,NULL,NULL,34,'2020-04-16 11:45:37','2020-04-16','2020-04-16 00:00:00',2563,'Просто так',NULL,1),(321,NULL,NULL,34,'2020-04-16 13:02:19','2020-04-16','2020-04-16 00:00:00',-1000,'фывфыв',NULL,1),(323,NULL,NULL,34,'2020-04-16 11:17:02','2020-04-16','2020-04-16 00:00:00',2000,'Картоха',NULL,1),(324,NULL,NULL,34,'2020-04-16 11:17:02','2020-04-16','2020-04-16 00:00:00',2000,'Картоха',NULL,1),(325,NULL,NULL,34,'2020-04-16 11:17:02','2020-04-16','2020-04-16 00:00:00',2000,'Картоха',NULL,1),(326,NULL,NULL,34,'2020-04-16 11:17:02','2020-04-16','2020-04-16 00:00:00',2000,'Картоха',NULL,1),(327,NULL,NULL,34,'2020-04-16 11:17:02','2020-04-16','2020-04-16 00:00:00',2000,'Картоха',NULL,1),(328,NULL,NULL,34,'2020-04-16 11:17:02','2020-04-16','2020-04-16 00:00:00',2000,'Картоха',NULL,1),(329,NULL,NULL,34,'2020-04-16 11:17:02','2020-04-16','2020-04-16 00:00:00',2000,'Картоха',NULL,1),(330,NULL,NULL,34,'2020-04-16 11:17:02','2020-04-16','2020-04-16 00:00:00',2000,'Картоха',NULL,1),(331,NULL,NULL,34,'2020-04-16 11:17:02','2020-04-16','2020-04-16 00:00:00',2000,'Картоха',NULL,1),(332,NULL,NULL,34,'2020-04-16 11:17:02','2020-04-16','2020-04-16 00:00:00',2000,'Картоха',NULL,1),(333,NULL,NULL,34,'2020-04-16 11:17:02','2020-04-16','2020-04-16 00:00:00',2000,'Картоха',NULL,1),(334,NULL,NULL,34,'2020-04-16 11:17:02','2020-04-16','2020-04-16 00:00:00',2000,'Картоха',NULL,1),(335,NULL,NULL,34,'2020-04-16 11:17:02','2020-04-16','2020-04-16 00:00:00',2000,'Картоха',NULL,1),(336,NULL,NULL,34,'2020-04-16 11:17:02','2020-04-16','2020-04-16 00:00:00',2000,'Картоха',NULL,1),(337,NULL,NULL,34,'2020-04-16 11:17:02','2020-04-16','2020-04-16 00:00:00',2000,'Картоха',NULL,1),(338,NULL,NULL,34,'2020-04-16 11:17:02','2020-04-16','2020-04-16 00:00:00',2000,'Картоха',NULL,1),(339,NULL,NULL,34,'2020-04-16 11:17:02','2020-04-16','2020-04-16 00:00:00',2000,'Картоха',NULL,1),(340,NULL,NULL,34,'2020-04-16 11:17:02','2020-04-16','2020-04-16 00:00:00',2000,'Картоха',NULL,1),(341,NULL,NULL,34,'2020-04-16 11:17:02','2020-04-16','2020-04-16 00:00:00',2000,'Картоха',NULL,1),(342,NULL,NULL,34,'2020-04-16 11:17:02','2020-04-16','2020-04-16 00:00:00',2000,'Картоха',NULL,1),(343,NULL,NULL,34,'2020-04-16 11:17:02','2020-04-16','2020-04-16 00:00:00',2000,'Картоха',NULL,1),(344,NULL,NULL,34,'2020-04-16 11:17:02','2020-04-16','2020-04-16 00:00:00',2000,'Картоха',NULL,1),(345,NULL,NULL,34,'2020-04-16 11:17:02','2020-04-16','2020-04-16 00:00:00',2000,'Картоха',NULL,1),(346,NULL,NULL,34,'2020-04-16 11:17:02','2020-04-16','2020-04-16 00:00:00',2000,'Картоха',NULL,1),(347,NULL,NULL,34,'2020-04-16 11:17:02','2020-04-16','2020-04-16 00:00:00',2000,'Картоха',NULL,1),(348,NULL,NULL,34,'2020-04-16 11:17:02','2020-04-16','2020-04-16 00:00:00',2000,'Картоха',NULL,1),(349,NULL,NULL,34,'2020-04-16 11:17:02','2020-04-16','2020-04-16 00:00:00',2000,'Картоха',NULL,1),(350,NULL,NULL,34,'2020-04-16 11:17:02','2020-04-16','2020-04-16 00:00:00',2000,'Картоха',NULL,1),(351,NULL,NULL,34,'2020-04-16 11:17:02','2020-04-16','2020-04-16 00:00:00',2000,'Картоха',NULL,1),(352,NULL,NULL,34,'2020-04-16 11:17:02','2020-04-16','2020-04-16 00:00:00',2000,'Картоха',NULL,1),(353,NULL,NULL,34,'2020-04-16 11:17:02','2020-04-16','2020-04-16 00:00:00',2000,'Картоха',NULL,1),(354,NULL,NULL,34,'2020-04-16 11:17:02','2020-04-16','2020-04-16 00:00:00',2000,'Картоха',NULL,1),(355,NULL,NULL,34,'2020-04-16 11:17:02','2020-04-16','2020-04-16 00:00:00',2000,'Картоха',NULL,1),(356,NULL,NULL,34,'2020-04-16 11:17:02','2020-04-16','2020-04-16 00:00:00',2000,'Картоха',NULL,1),(357,NULL,NULL,34,'2020-04-16 11:17:02','2020-04-16','2020-04-16 00:00:00',2000,'Картоха',NULL,1),(358,NULL,NULL,34,'2020-04-16 11:17:02','2020-04-16','2020-04-16 00:00:00',2000,'Картоха',NULL,1),(359,NULL,NULL,34,'2020-04-16 11:17:02','2020-04-16','2020-04-16 00:00:00',2000,'Картоха',NULL,1),(360,NULL,NULL,34,'2020-04-16 11:17:02','2020-04-16','2020-04-16 00:00:00',2000,'Картоха',NULL,1),(361,NULL,NULL,34,'2020-04-16 11:17:02','2020-04-16','2020-04-16 00:00:00',2000,'Картоха',NULL,1),(362,NULL,NULL,34,'2020-04-16 11:17:02','2020-04-16','2020-04-16 00:00:00',2000,'Картоха',NULL,1),(363,NULL,NULL,34,'2020-04-16 11:17:02','2020-04-16','2020-04-16 00:00:00',2000,'Картоха',NULL,1),(364,NULL,NULL,34,'2020-04-16 11:17:02','2020-04-16','2020-04-16 00:00:00',2000,'Картоха',NULL,1),(365,NULL,NULL,34,'2020-04-16 11:17:02','2020-04-16','2020-04-16 00:00:00',2000,'Картоха',NULL,1),(366,NULL,NULL,34,'2020-04-16 11:17:02','2020-04-16','2020-04-16 00:00:00',2000,'Картоха',NULL,1),(367,NULL,NULL,34,'2020-04-16 11:17:02','2020-04-16','2020-04-16 00:00:00',2000,'Картоха',NULL,1),(368,NULL,NULL,34,'2020-04-16 11:17:02','2020-04-16','2020-04-16 00:00:00',2000,'Картоха',NULL,1),(369,NULL,NULL,34,'2020-04-16 11:17:02','2020-04-16','2020-04-16 00:00:00',2000,'Картоха',NULL,1),(370,NULL,NULL,34,'2020-04-16 11:17:02','2020-04-16','2020-04-16 00:00:00',2000,'Картоха',NULL,1),(371,NULL,NULL,34,'2020-04-16 11:17:02','2020-04-16','2020-04-16 00:00:00',2000,'Картоха',NULL,1),(372,NULL,NULL,34,'2020-04-16 11:17:02','2020-04-16','2020-04-16 00:00:00',2000,'Картоха',NULL,1),(373,NULL,NULL,34,'2020-04-16 11:17:02','2020-04-16','2020-04-16 00:00:00',2000,'Картоха',NULL,1),(374,NULL,NULL,34,'2020-04-16 11:17:02','2020-04-16','2020-04-16 00:00:00',2000,'Картоха',NULL,1),(375,NULL,NULL,34,'2020-04-16 11:17:02','2020-04-16','2020-04-16 00:00:00',2000,'Картоха',NULL,1),(376,NULL,NULL,34,'2020-04-16 11:17:02','2020-04-16','2020-04-16 00:00:00',2000,'Картоха',NULL,1),(377,NULL,NULL,34,'2020-04-16 11:17:02','2020-04-16','2020-04-16 00:00:00',2000,'Картоха',NULL,1),(378,NULL,NULL,34,'2020-04-16 11:17:02','2020-04-16','2020-04-16 00:00:00',2000,'Картоха',NULL,1),(379,NULL,NULL,34,'2020-04-16 11:17:02','2020-04-16','2020-04-16 00:00:00',2000,'Картоха',NULL,1),(380,NULL,NULL,34,'2020-04-16 11:17:02','2020-04-16','2020-04-16 00:00:00',2000,'Картоха',NULL,1),(381,NULL,NULL,34,'2020-04-16 11:17:02','2020-04-16','2020-04-16 00:00:00',2000,'Картоха',NULL,1),(382,NULL,NULL,34,'2020-04-16 11:17:02','2020-04-16','2020-04-16 00:00:00',2000,'Картоха',NULL,1),(383,NULL,NULL,34,'2020-04-16 11:17:02','2020-04-16','2020-04-16 00:00:00',2000,'Картоха',NULL,1),(384,NULL,NULL,34,'2020-04-16 11:17:02','2020-04-16','2020-04-16 00:00:00',2000,'Картоха',NULL,1),(385,NULL,NULL,34,'2020-04-16 11:17:02','2020-04-16','2020-04-16 00:00:00',2000,'Картоха',NULL,1),(386,NULL,NULL,34,'2020-04-16 11:17:02','2020-04-16','2020-04-16 00:00:00',2000,'Картоха',NULL,1),(387,NULL,NULL,34,'2020-04-16 11:17:02','2020-04-16','2020-04-16 00:00:00',2000,'Картоха',NULL,1),(388,NULL,NULL,34,'2020-04-16 11:17:02','2020-04-16','2020-04-16 00:00:00',2000,'Картоха',NULL,1),(389,NULL,NULL,34,'2020-04-16 11:17:02','2020-04-16','2020-04-16 00:00:00',2000,'Картоха',NULL,1),(390,NULL,NULL,34,'2020-04-16 11:17:02','2020-04-16','2020-04-16 00:00:00',2000,'Картоха',NULL,1),(391,NULL,NULL,34,'2020-04-16 11:17:02','2020-04-16','2020-04-16 00:00:00',2000,'Картоха',NULL,1),(393,NULL,NULL,34,'2020-04-16 11:17:02','2020-04-16','2020-04-16 00:00:00',2000,'Картоха',NULL,1),(394,NULL,NULL,34,'2020-04-16 11:17:02','2020-04-16','2020-04-16 00:00:00',2000,'Картоха',NULL,1),(395,NULL,NULL,34,'2020-04-16 11:17:02','2020-04-16','2020-04-16 00:00:00',2000,'Картоха',NULL,1),(396,NULL,NULL,34,'2020-04-16 11:17:02','2020-04-16','2020-04-16 00:00:00',2000,'Картоха',NULL,1),(397,NULL,NULL,34,'2020-04-16 11:17:02','2020-04-16','2020-04-16 00:00:00',2000,'Картоха',NULL,1),(398,NULL,NULL,34,'2020-04-16 11:17:02','2020-04-16','2020-04-16 00:00:00',2000,'Картоха',NULL,1),(399,NULL,NULL,34,'2020-04-16 11:17:02','2020-04-16','2020-04-16 00:00:00',2000,'Картоха',NULL,1),(400,NULL,NULL,34,'2020-04-16 11:17:02','2020-04-16','2020-04-16 00:00:00',2000,'Картоха',NULL,1),(401,NULL,NULL,34,'2020-04-16 11:17:02','2020-04-16','2020-04-16 00:00:00',2000,'Картоха',NULL,1),(402,NULL,NULL,34,'2020-04-16 11:17:02','2020-04-16','2020-04-16 00:00:00',2000,'Картоха',NULL,1),(403,NULL,NULL,34,'2020-04-16 11:17:02','2020-04-16','2020-04-16 00:00:00',2000,'Картоха',NULL,1),(404,NULL,NULL,34,'2020-04-16 11:17:02','2020-04-16','2020-04-16 00:00:00',2000,'Картоха',NULL,1),(405,NULL,NULL,34,'2020-04-16 11:17:02','2020-04-16','2020-04-16 00:00:00',2000,'Картоха',NULL,1),(406,NULL,NULL,34,'2020-04-16 11:17:02','2020-04-16','2020-04-16 00:00:00',2000,'Картоха',NULL,1),(407,NULL,NULL,34,'2020-04-16 11:17:02','2020-04-16','2020-04-16 00:00:00',2000,'Картоха',NULL,1),(408,NULL,NULL,34,'2020-04-16 11:17:02','2020-04-16','2020-04-16 00:00:00',2000,'Картоха',NULL,1),(409,NULL,NULL,34,'2020-04-16 11:17:02','2020-04-16','2020-04-16 00:00:00',2000,'Картоха',NULL,1),(410,NULL,NULL,34,'2020-04-16 11:17:02','2020-04-16','2020-04-16 00:00:00',2000,'Картоха',NULL,1),(411,NULL,NULL,34,'2020-04-16 11:17:02','2020-04-16','2020-04-16 00:00:00',2000,'Картоха',NULL,1),(412,NULL,NULL,34,'2020-04-16 11:17:02','2020-04-16','2020-04-16 00:00:00',2000,'Картоха',NULL,1),(413,NULL,NULL,34,'2020-04-16 11:17:02','2020-04-16','2020-04-16 00:00:00',2000,'Картоха',NULL,1),(414,NULL,NULL,34,'2020-04-16 11:17:02','2020-04-16','2020-04-16 00:00:00',2000,'Картоха',NULL,1),(415,NULL,NULL,34,'2020-04-16 11:17:02','2020-04-16','2020-04-16 00:00:00',2000,'Картоха',NULL,1),(416,NULL,NULL,34,'2020-04-16 11:17:02','2020-04-16','2020-04-16 00:00:00',2000,'Картоха',NULL,1),(417,NULL,NULL,34,'2020-04-16 11:17:02','2020-04-16','2020-04-16 00:00:00',2000,'Картоха',NULL,1),(418,NULL,NULL,34,'2020-04-16 11:17:02','2020-04-16','2020-04-16 00:00:00',2000,'Картоха',NULL,1),(419,NULL,NULL,34,'2020-04-16 11:17:02','2020-04-16','2020-04-16 00:00:00',2000,'Картоха',NULL,1),(420,NULL,NULL,34,'2020-04-16 11:17:02','2020-04-16','2020-04-16 00:00:00',2000,'Картоха',NULL,1),(421,NULL,NULL,34,'2020-04-16 11:17:02','2020-04-16','2020-04-16 00:00:00',2000,'Картоха',NULL,1),(422,NULL,NULL,34,'2020-04-16 11:17:02','2020-04-16','2020-04-16 00:00:00',2000,'Картоха',NULL,1),(423,NULL,NULL,34,'2020-04-16 11:17:02','2020-04-16','2020-04-16 00:00:00',2000,'Картоха',NULL,1),(424,NULL,NULL,34,'2020-04-16 11:17:02','2020-04-16','2020-04-16 00:00:00',2000,'Картоха',NULL,1),(425,NULL,NULL,34,'2020-04-16 11:17:02','2020-04-16','2020-04-16 00:00:00',2000,'Картоха',NULL,1),(426,NULL,NULL,34,'2020-04-16 11:17:02','2020-04-16','2020-04-16 00:00:00',2000,'Картоха',NULL,1),(427,NULL,NULL,34,'2020-04-16 11:17:02','2020-04-16','2020-04-16 00:00:00',2000,'Картоха',NULL,1),(428,NULL,NULL,34,'2020-04-16 11:17:02','2020-04-16','2020-04-16 00:00:00',2000,'Картоха',NULL,1),(429,NULL,NULL,34,'2020-04-16 11:17:02','2020-04-16','2020-04-16 00:00:00',2000,'Картоха',NULL,1),(430,NULL,NULL,34,'2020-04-16 11:17:02','2020-04-16','2020-04-16 00:00:00',2000,'Картоха',NULL,1),(431,NULL,NULL,34,'2020-04-16 11:17:02','2020-04-16','2020-04-16 00:00:00',2000,'Картоха',NULL,1),(432,NULL,NULL,34,'2020-04-16 11:17:02','2020-04-16','2020-04-16 00:00:00',2000,'Картоха',NULL,1),(433,NULL,NULL,34,'2020-04-16 11:17:02','2020-04-16','2020-04-16 00:00:00',2000,'Картоха',NULL,1),(434,NULL,NULL,34,'2020-04-16 11:17:02','2020-04-16','2020-04-16 00:00:00',2000,'Картоха',NULL,1),(435,NULL,NULL,34,'2020-04-16 11:17:02','2020-04-16','2020-04-16 00:00:00',2000,'Картоха',NULL,1),(436,NULL,NULL,34,'2020-04-16 11:17:02','2020-04-16','2020-04-16 00:00:00',2000,'Картоха',NULL,1),(437,NULL,NULL,34,'2020-04-16 11:17:02','2020-04-16','2020-04-16 00:00:00',2000,'Картоха',NULL,1),(438,NULL,NULL,34,'2020-04-16 11:17:02','2020-04-16','2020-04-16 00:00:00',2000,'Картоха',NULL,1),(439,NULL,NULL,34,'2020-04-16 11:17:02','2020-04-16','2020-04-16 00:00:00',2000,'Картоха',NULL,1),(440,NULL,NULL,34,'2020-04-16 11:17:02','2020-04-16','2020-04-16 00:00:00',2000,'Картоха',NULL,1),(441,NULL,NULL,34,'2020-04-16 11:17:02','2020-04-16','2020-04-16 00:00:00',2000,'Картоха',NULL,1),(442,NULL,NULL,34,'2020-04-16 11:17:02','2020-04-16','2020-04-16 00:00:00',2000,'Картоха',NULL,1),(443,NULL,NULL,34,'2020-04-16 11:17:02','2020-04-16','2020-04-16 00:00:00',2000,'Картоха',NULL,1),(445,NULL,NULL,34,'2020-04-18 10:13:59','2020-04-18','2020-04-18 00:00:00',20000,'aa',NULL,1),(447,NULL,NULL,34,'2020-04-19 16:06:02','2020-04-20','2020-04-19 00:00:00',-12300,'ssss',NULL,1),(453,NULL,NULL,34,'2020-04-19 18:32:57','2020-04-30',NULL,0,'Добавить поле ввода бюджета в категорию на месяц. ',NULL,1),(454,NULL,NULL,34,'2020-04-19 18:34:26','2020-05-01',NULL,0,'Выгрузка в ексель или json всего списка по счетам',NULL,1),(456,NULL,NULL,34,'2020-04-20 17:18:29','2020-04-22','2020-04-22 00:00:00',-2600,'Возможность изменить стоимость транзакции, если предыдущая сумма =0 и транзакция не завершена.',NULL,1),(458,NULL,NULL,34,'2020-04-20 17:49:39','2020-04-20','2020-04-20 00:00:00',0,'Выподающий список регистрации операции - пустая, перевод, итерация, ...',NULL,1),(459,NULL,NULL,34,'2020-04-21 06:02:42','2020-04-22','2020-04-22 00:00:00',0,'Добавить поле выбора счета, если не выбран счет в родительском справочнике.',NULL,1),(468,NULL,NULL,34,'2020-04-22 05:46:10','2020-04-22','2020-04-22 00:00:00',1000,'Как так получилось, необходима проверка',NULL,1),(469,NULL,NULL,34,'2020-04-22 05:51:10','2020-04-22','2020-04-22 00:00:00',0,'Добавить поля наименование счета и поле путь',NULL,1),(470,NULL,NULL,34,'2020-04-22 06:20:44','2020-04-22','2020-04-22 00:00:00',4000,'11111',NULL,1),(471,NULL,NULL,34,'2020-04-22 06:26:19','2020-05-01',NULL,0,'Синхронизация с сервером календаря',NULL,1),(476,NULL,NULL,34,'2020-04-22 06:46:18','2020-05-01',NULL,-100,'Оповещения в телеграмм: 1. Приближающиеся платежы (за 1,2,3 дня до ...), 2. Необходимо подтвердить (кол-во, ежедневно)\n',NULL,1),(477,NULL,NULL,34,'2020-04-22 07:00:27','2020-05-01','2020-04-22 00:00:00',0,'Баг. Фильтр по категории без возможности выбрать счет. ',NULL,1),(478,NULL,NULL,34,'2020-04-22 07:06:26','2020-04-22','2020-04-23 00:00:00',-100,'Добавить поле СЧЕТ в справочник транзакций, настроить фильтр.',NULL,1),(479,NULL,NULL,34,'2020-04-23 15:17:25','2020-04-23',NULL,0,'При регистрации счета, вместо галочки корневой показывать \"Для счета2\" - \"Ок\"',NULL,1),(480,NULL,NULL,34,'2020-04-23 15:21:13','2020-04-23',NULL,0,'Форма обратной связи, для отзывов и предложений. ',NULL,1),(481,NULL,NULL,34,'2020-04-25 17:38:50','2020-04-25','2020-04-25 00:00:00',-55600,'q',NULL,1),(482,NULL,NULL,34,'2020-04-26 06:16:55','2020-04-26','2020-04-26 00:00:00',0,'Пагинация на странице операций',NULL,1),(483,NULL,NULL,34,'2020-04-26 07:25:24','2020-04-26','2020-04-26 00:00:00',0,'Базовый список полей операции',NULL,1),(484,NULL,NULL,34,'2020-04-26 08:56:03','2020-04-26','2020-04-26 00:00:00',0,'51654',NULL,1),(486,NULL,NULL,34,'2020-04-26 09:00:39','2020-04-26','2020-04-26 00:00:00',0,'Привязка транзакций к операциям',NULL,1),(491,NULL,NULL,34,'2020-04-26 11:28:44','2020-04-26','2020-05-01 00:00:00',0,'Добавил суммарные поля по операции ',NULL,1),(499,NULL,NULL,34,'2020-04-27 13:10:56','2020-04-27','2020-04-27 00:00:00',56600,'перевод',NULL,1),(509,NULL,NULL,34,'2020-05-01 12:09:55','2020-05-01','2020-05-01 00:00:00',100,'Создание формы регистрации переводов между счетами',NULL,1),(666,30,31,34,'2020-05-04 06:26:54','2020-05-31','2020-05-12 00:00:00',-100,'Скрипт расчета входящего остатка в справочнике счетов',334,1),(667,30,31,34,'2020-05-04 06:28:21','2020-05-31','2020-05-07 00:00:00',-100,'Скрипт расчета бюджета по категории',334,1),(669,30,31,34,'2020-05-04 06:38:27','2020-05-31','2020-05-22 00:00:00',-100,'Создание АПИ экспорт в ексель.',334,1),(673,30,30,34,'2020-05-04 06:47:02','2020-05-31',NULL,-100,'Инструкция пользователя.',334,1),(674,30,30,34,'2020-05-04 06:47:37','2020-05-31',NULL,-100,'Страница в фейсбуке',334,1),(678,30,30,34,'2020-05-04 06:52:14','2020-05-31',NULL,-120000,'Форма обратной связи, ',334,1),(682,32,35,34,'2020-05-05 07:59:03','2020-05-12','2020-05-11 00:00:00',-60000,'Билайн-интернет (964)9057691',336,1),(683,32,35,34,'2020-05-05 07:59:03','2020-06-12',NULL,-60000,'Билайн-интернет (964)9057691',336,1),(684,32,35,34,'2020-05-05 07:59:03','2020-07-12',NULL,-60000,'Билайн-интернет (964)9057691',336,1),(685,32,35,34,'2020-05-05 07:59:03','2020-08-12',NULL,-60000,'Билайн-интернет (964)9057691',336,1),(686,32,35,34,'2020-05-05 07:59:03','2020-09-12',NULL,-60000,'Билайн-интернет (964)9057691',336,1),(687,32,35,34,'2020-05-05 07:59:03','2020-10-12',NULL,-60000,'Билайн-интернет (964)9057691',336,1),(688,32,35,34,'2020-05-05 07:59:03','2020-11-12',NULL,-60000,'Билайн-интернет (964)9057691',336,1),(689,32,35,34,'2020-05-05 07:59:03','2020-12-12',NULL,-60000,'Билайн-интернет (964)9057691',336,1),(690,32,36,34,'2020-05-05 08:46:19','2020-05-05','2020-05-05 00:00:00',-11900,'Чипсы лейз',NULL,1),(691,32,37,34,'2020-05-05 08:47:43','2020-05-05','2020-05-05 00:00:00',-3100,'Молоко',NULL,1),(692,32,37,34,'2020-05-05 08:48:04','2020-05-05','2020-05-05 00:00:00',-1900,'Хлеб',NULL,1),(693,32,37,34,'2020-05-05 08:48:53','2020-05-05','2020-05-05 00:00:00',-7800,'2 шоколадки',NULL,1),(694,32,37,34,'2020-05-05 08:49:15','2020-05-05','2020-05-05 00:00:00',-3400,'Сухари панировочные',NULL,1),(695,32,37,34,'2020-05-05 08:51:11','2020-05-05','2020-05-05 00:00:00',-6300,'бичпакет 4 шт',NULL,1),(702,32,36,34,'2020-05-05 13:07:58','2020-05-05','2020-05-05 00:00:00',-6900,'Миринда ',NULL,1),(703,32,37,34,'2020-05-05 13:08:58','2020-05-05','2020-05-05 00:00:00',-9000,'апельсины грепфрут',NULL,1),(705,30,30,34,'2020-05-05 16:23:48','2020-05-06','2020-05-06 00:00:00',-100,'Кнопка \"Скоро / Все\" в справочнике транзакций. Скоро - означает все транзакции с пустым фактом и на неделю вперёд.',334,1),(706,30,30,34,'2020-05-05 16:26:37','2020-05-31','2020-05-07 00:00:00',-100,'Добавить поле \"Стоимсоть по умолчанию\" и \"Еденица измерения\" в форму регистрации новой категории.\n',334,1),(707,32,37,34,'2020-05-06 14:00:43','2020-05-06','2020-05-06 00:00:00',-20200,'Благояр - филе',NULL,1),(708,32,37,34,'2020-05-06 14:01:14','2020-05-06','2020-05-06 00:00:00',-10800,'Бананы',NULL,1),(709,32,37,34,'2020-05-06 14:01:36','2020-05-06','2020-05-06 00:00:00',-5000,'Авакадо',NULL,1),(710,32,37,34,'2020-05-06 14:02:36','2020-05-06','2020-05-06 00:00:00',-8900,'Масло сливочное',NULL,1),(711,32,37,34,'2020-05-06 14:03:06','2020-05-06','2020-05-06 00:00:00',-14900,'Сасиски',NULL,1),(712,32,37,34,'2020-05-06 14:03:16','2020-05-06','2020-05-06 00:00:00',-3000,'Хлеб',NULL,1),(713,32,36,34,'2020-05-06 14:08:00','2020-05-06','2020-05-06 00:00:00',-2600,'Мороженное',NULL,1),(731,32,37,34,'2020-05-07 17:41:13','2020-05-07','2020-05-07 00:00:00',-6026,'Конфеты',NULL,1),(732,32,37,34,'2020-05-07 17:41:40','2020-05-07','2020-05-07 00:00:00',-11800,'шоколад',NULL,2),(733,32,37,34,'2020-05-07 17:41:58','2020-05-07','2020-05-07 00:00:00',-13500,'Сыр',NULL,1),(734,32,37,34,'2020-05-07 17:42:32','2020-05-07','2020-05-07 00:00:00',-18600,'Сыр',NULL,1),(735,32,37,34,'2020-05-07 17:42:49','2020-05-07','2020-05-07 00:00:00',-2000,'Морковь',NULL,1),(736,32,37,34,'2020-05-07 17:43:07','2020-05-07','2020-05-07 00:00:00',-5800,'Яйцо',NULL,1),(737,32,37,34,'2020-05-07 17:45:00','2020-05-07','2020-05-07 00:00:00',-8100,'Пепси',NULL,1),(738,32,37,34,'2020-05-07 17:50:11','2020-05-04','2020-05-04 00:00:00',-16900,'Магнит',NULL,1),(739,32,37,34,'2020-05-07 17:51:40','2020-05-02','2020-05-02 00:00:00',-17600,'Магнит',NULL,1),(740,32,37,34,'2020-05-07 17:59:27','2020-05-03','2020-05-03 00:00:00',-18500,'Магнит',NULL,1),(741,32,37,34,'2020-05-07 18:00:01','2020-05-02','2020-05-02 00:00:00',-80000,'Магнит',NULL,1),(742,32,37,34,'2020-05-07 18:00:39','2020-05-01','2020-05-01 00:00:00',-270000,'Леруа и продукты',NULL,1),(743,32,36,34,'2020-05-07 18:01:37','2020-05-07','2020-05-07 00:00:00',-76000,'Пицца',NULL,2),(744,32,37,34,'2020-05-08 18:19:02','2020-05-08','2020-05-08 00:00:00',-10500,'Яблоки голден',NULL,1),(745,32,37,34,'2020-05-08 18:19:25','2020-05-08','2020-05-08 00:00:00',-11900,'Масло раст. ',NULL,1),(746,32,37,34,'2020-05-08 18:19:34','2020-05-08','2020-05-08 00:00:00',-3500,'Батон',NULL,1),(747,32,40,34,'2020-05-08 18:29:16','2020-05-08','2020-05-08 00:00:00',-5600,'Трамвай Женя',NULL,1),(748,32,40,34,'2020-05-08 18:29:28','2020-05-08','2020-05-08 00:00:00',-11000,'Такси ',NULL,1),(749,32,37,34,'2020-05-09 14:27:13','2020-05-09','2020-05-09 00:00:00',-11400,'Агрокомплекс',NULL,1),(750,32,37,34,'2020-05-09 14:27:31','2020-05-09','2020-05-09 00:00:00',-6500,'Яблоки',NULL,1),(751,32,37,34,'2020-05-09 14:27:53','2020-05-09','2020-05-09 00:00:00',-17300,'Огурцы брокли свекла',NULL,1),(752,32,37,34,'2020-05-09 14:28:34','2020-05-09','2020-05-09 00:00:00',-4900,'Салат',NULL,1),(753,32,37,34,'2020-05-09 14:28:52','2020-05-09','2020-05-09 00:00:00',-14700,'Поаидоры',NULL,1),(754,32,37,34,'2020-05-09 14:29:05','2020-05-09','2020-05-09 00:00:00',-3000,'Редиска',NULL,1),(755,32,37,34,'2020-05-09 14:29:22','2020-05-09','2020-05-09 00:00:00',-13000,'Клубника',NULL,1),(756,30,31,34,'2020-05-09 15:43:38','2020-05-31','2020-05-09 00:00:00',-100,'Возможность добавлять общие категории',334,1),(757,NULL,NULL,34,'2020-05-09 16:10:08','2020-05-09','2020-05-09 00:00:00',34,'5556',NULL,1),(758,NULL,NULL,34,'2020-05-09 16:10:20','2020-05-09','2020-05-09 00:00:00',1200,'asdsad',NULL,1),(759,32,37,34,'2020-05-11 10:23:14','2020-05-11','2020-05-11 00:00:00',-1700,'бАТОН БЕЛЫЙ',NULL,1),(760,32,37,34,'2020-05-11 10:23:30','2020-05-11','2020-05-11 00:00:00',-17700,'Сыр ',NULL,1),(761,32,36,34,'2020-05-11 10:23:55','2020-05-11','2020-05-11 00:00:00',-4900,'Хлеб злаковый',NULL,1),(762,32,36,34,'2020-05-11 10:26:19','2020-05-11','2020-05-11 00:00:00',-4300,'Сырок',NULL,1),(763,32,36,34,'2020-05-11 10:26:32','2020-05-11','2020-05-11 00:00:00',-4600,'Молоко',NULL,1),(764,32,36,34,'2020-05-11 10:26:55','2020-05-11','2020-05-11 00:00:00',-1700,'йогурт',NULL,1),(765,32,37,34,'2020-05-11 10:27:43','2020-05-11','2020-05-11 00:00:00',-5400,'Кефир',NULL,1),(766,32,37,34,'2020-05-11 10:27:57','2020-05-11','2020-05-11 00:00:00',-9000,'Конфеты ромашки',NULL,1),(767,32,36,34,'2020-05-11 10:42:48','2020-05-11','2020-05-11 00:00:00',-10000,'Димкофе',NULL,1),(768,32,37,34,'2020-05-11 11:51:54','2020-05-11','2020-05-11 00:00:00',-72800,'Лекарства',NULL,1),(769,NULL,NULL,34,'2020-05-11 12:34:44','2020-05-11','2020-05-11 00:00:00',-300,'ыы',NULL,1),(770,NULL,NULL,34,'2020-05-11 13:56:35','2020-05-11','2020-05-11 00:00:00',100000,'44',NULL,1),(771,NULL,NULL,34,'2020-05-12 08:02:13','2020-04-02','2020-04-02 00:00:00',100,'',NULL,1),(772,32,37,34,'2020-05-12 08:44:52','2020-05-12','2020-05-12 00:00:00',-10800,'Хлеб и яйца',NULL,1),(773,NULL,NULL,34,'2020-05-12 09:22:44','2020-03-05','2020-03-05 00:00:00',25600,'4445',NULL,1),(774,NULL,NULL,34,'2020-05-12 09:48:43','2020-05-12','2020-05-12 00:00:00',-5500,'ddd',NULL,1),(775,NULL,NULL,34,'2020-05-12 09:49:05','2020-05-12','2020-05-12 00:00:00',5600,'45',NULL,1),(776,32,37,34,'2020-05-12 19:35:37','2020-05-12','2020-05-12 00:00:00',-17800,'Козье молоко и лимонад',NULL,1),(777,32,36,34,'2020-05-12 19:46:24','2020-05-12','2020-05-12 00:00:00',-44800,'торт',NULL,1),(778,32,40,34,'2020-05-12 19:46:57','2020-05-12','2020-05-12 00:00:00',-15600,'Дорога на работу',NULL,1),(779,NULL,NULL,34,'2020-05-13 07:28:41','2020-05-13','2020-05-13 00:00:00',-50000,'',NULL,1),(780,NULL,NULL,34,'2020-05-13 07:28:56','2020-05-13','2020-05-13 00:00:00',35600,'',NULL,1),(781,NULL,NULL,34,'2020-05-13 07:30:23','2020-05-13','2020-05-13 00:00:00',4400,'',NULL,1),(782,32,40,34,'2020-05-13 15:24:46','2020-05-13','2020-05-13 00:00:00',-5600,'Дорога',NULL,1),(783,NULL,NULL,34,'2020-05-13 15:38:28','2020-05-13','2020-05-13 00:00:00',-160000000,'Ориентировочная стоимость ',NULL,1),(793,NULL,NULL,34,'2020-05-13 16:03:39','2020-05-13','2020-05-13 00:00:00',70000000,'Баланс',NULL,1),(794,NULL,NULL,34,'2020-05-13 16:04:26','2020-05-13','2020-05-13 00:00:00',-25000000,'',NULL,1),(795,NULL,NULL,34,'2020-05-13 16:06:09','2020-05-13','2020-05-13 00:00:00',1200000,'Проценты %',NULL,1),(796,32,36,34,'2020-05-13 17:39:03','2020-05-13','2020-05-13 00:00:00',-12200,'Печенье йогурт',NULL,1),(797,32,36,34,'2020-05-13 17:39:20','2020-05-13','2020-05-13 00:00:00',-9900,'кефир',NULL,1),(798,32,37,34,'2020-05-14 18:45:15','2020-05-14','2020-05-14 00:00:00',-3500,'хлеб',NULL,1),(799,32,37,34,'2020-05-14 18:45:24','2020-05-14','2020-05-14 00:00:00',-17600,'Сыр',NULL,1),(800,32,37,34,'2020-05-14 18:45:34','2020-05-14','2020-05-14 00:00:00',-20000,'такси',NULL,1),(801,32,37,34,'2020-05-14 18:46:08','2020-05-14','2020-05-14 00:00:00',-20000,'Овощи рынок помидоры огурцы',NULL,1),(802,32,37,34,'2020-05-14 18:47:36','2020-05-14','2020-05-14 00:00:00',-40000,'Куриные грудки капуста кефир сметана',NULL,1),(803,32,37,34,'2020-05-15 18:52:47','2020-05-15','2020-05-15 00:00:00',-180000,'Таблетки',NULL,1),(804,32,37,34,'2020-05-15 18:53:38','2020-05-15','2020-05-15 00:00:00',-97100,'Магнит - косметик',NULL,1),(805,32,37,34,'2020-05-15 18:53:51','2020-05-15','2020-05-15 00:00:00',-7800,'Сок',NULL,1),(806,32,37,34,'2020-05-15 18:54:00','2020-05-15','2020-05-15 00:00:00',-20000,'Такси',NULL,1),(807,32,37,34,'2020-05-15 18:54:24','2020-05-15','2020-05-15 00:00:00',-2800,'Маршрутка',NULL,1),(808,32,37,34,'2020-05-16 16:13:40','2020-05-16','2020-05-16 00:00:00',-53000,'Овощи',NULL,1),(809,32,37,34,'2020-05-16 16:15:29','2020-05-16','2020-05-16 00:00:00',-5500,'Чеснок',NULL,1),(810,32,37,34,'2020-05-16 16:15:42','2020-05-16','2020-05-16 00:00:00',-5700,'Яйцо',NULL,1),(811,32,37,34,'2020-05-16 16:15:56','2020-05-16','2020-05-16 00:00:00',-3500,'Хлеб',NULL,1),(815,30,30,34,'2020-05-16 16:42:31','2020-05-16','2020-05-16 00:00:00',-100,'Исправить ошибку отображения категорий при выбранном счете',334,1),(816,30,30,34,'2020-05-16 16:44:50','2020-05-16','2020-05-16 00:00:00',-100,'Все время отображать поле кол-во = 1',334,1),(817,30,30,34,'2020-05-16 16:47:08','2020-05-16','2020-05-20 00:00:00',-100,'Добавить возможность вводить чеки в поле комментарий на форме транзакций. Например:\n256!Капуста\n34,34! Морковь\n456!ТБ',334,1),(818,30,31,34,'2020-05-16 16:49:30','2020-05-16','2020-05-21 00:00:00',-100,'Добавить вывод стоимости транзакций, на начало месяца. ',334,1),(820,32,40,34,'2020-05-18 19:22:24','2020-05-18','2020-05-18 00:00:00',-5600,'Трамвай',NULL,1),(821,32,40,34,'2020-05-18 19:24:15','2020-06-15',NULL,-100,'Магнит косметик - Какао крем, ласьен для пуза без запаха, фильтр, пакеты для мусора. ',NULL,1),(823,32,37,34,'2020-05-18 19:30:57','2020-05-18','2020-05-18 00:00:00',-11800,'Батон 35\nКартошка 82',NULL,1),(824,32,35,34,'2020-05-19 16:06:20','2020-05-19','2020-05-19 00:00:00',-100,'Фильтр холодной воды',NULL,1),(825,32,35,34,'2020-05-19 16:07:08','2020-09-01',NULL,-100,'Фильтр холодной воды',NULL,1),(826,NULL,NULL,34,'2020-05-19 17:08:36','2020-05-19','2020-05-19 00:00:00',0,'qweqweqwe',NULL,1),(827,NULL,NULL,34,'2020-05-19 17:08:36','2020-05-19','2020-05-19 00:00:00',0,'Огуречик',NULL,1),(828,NULL,NULL,34,'2020-05-19 17:08:36','2020-05-19','2020-05-19 00:00:00',0,'хлебушек',NULL,1),(829,NULL,NULL,34,'2020-05-19 17:11:12','2020-05-19','2020-05-19 00:00:00',0,'Памелла',NULL,1),(830,NULL,NULL,34,'2020-05-19 17:11:12','2020-05-19','2020-05-19 00:00:00',0,'феихоа',NULL,1),(831,NULL,NULL,34,'2020-05-19 17:14:34','2020-05-19','2020-05-19 00:00:00',-44560,'5465564',NULL,1),(832,NULL,NULL,34,'2020-05-19 17:15:59','2020-05-19','2020-05-19 00:00:00',0,'12312312',NULL,1),(833,NULL,NULL,34,'2020-05-19 17:15:59','2020-05-19','2020-05-19 00:00:00',0,'фывфыв',NULL,1),(834,NULL,NULL,34,'2020-05-19 17:17:40','2020-05-19','2020-05-19 00:00:00',-4400,'фывфыв',NULL,1),(835,32,40,34,'2020-05-20 12:52:46','2020-05-19','2020-05-19 00:00:00',-18000,'Такси',NULL,1),(836,32,36,34,'2020-05-20 12:53:12','2020-05-19','2020-05-19 00:00:00',-50000,'На др ',NULL,1),(838,29,56,34,'2020-05-20 13:16:33','2020-06-26',NULL,0,'Добавить возможность группового редактирования транзакций. Для изменения счета, Для изменения дат факт и план., для изменения категории. ',339,1),(839,29,56,34,'2020-05-20 13:17:34','2020-06-26',NULL,0,'Добавить возможность публиковать мобильную форму для регистрации транзакций по счету, по секретной ссылке. ',339,1),(840,29,56,34,'2020-05-20 13:18:04','2020-06-26',NULL,-100,'Добавить возможность получать оповещения о приблежении плановых транзакций по телеграмм',339,1),(841,32,37,34,'2020-05-21 03:58:30','2020-05-21','2020-05-21 00:00:00',-9700,'сметана',NULL,1),(842,32,37,34,'2020-05-21 03:58:32','2020-05-21','2020-05-21 00:00:00',-400,'пакет',NULL,1),(843,32,37,34,'2020-05-21 03:58:32','2020-05-21','2020-05-21 00:00:00',-14000,'печень',NULL,1),(844,32,37,34,'2020-05-21 03:58:32','2020-05-21','2020-05-21 00:00:00',-4800,'молоко',NULL,1),(845,32,40,34,'2020-05-21 03:59:24','2020-05-21','2020-05-21 00:00:00',-5600,'трамвай',NULL,1),(846,32,40,34,'2020-05-21 03:59:47','2020-05-21','2020-05-21 00:00:00',-15000,'такси',NULL,1),(847,32,40,34,'2020-05-21 04:00:02','2020-05-21','2020-05-21 00:00:00',-3000,'лук',NULL,1),(848,NULL,NULL,34,'2020-05-21 04:32:45','2020-03-04','2020-03-04 00:00:00',100,'фыв',NULL,1),(849,NULL,NULL,34,'2020-05-21 04:33:01','2020-03-12','2020-05-21 00:00:00',12300,'',NULL,1),(850,NULL,NULL,34,'2020-05-21 05:18:57','2020-03-05','2020-03-05 00:00:00',5430,'asd',NULL,1),(851,29,56,34,'2020-05-21 05:33:46','2020-05-29','2020-05-21 00:00:00',-100,'Добавить на тулбар счетов чекбокс при активации которого отображаются планируемые расходы до конца месяца',334,1),(852,32,35,34,'2020-05-21 05:50:55','2020-05-21','2020-05-21 00:00:00',-385600,'Апрель за квартиру',NULL,1),(853,32,35,34,'2020-05-21 05:51:23','2020-05-21','2020-05-21 00:00:00',-346400,'Март за квартиру',NULL,1),(855,32,40,34,'2020-05-21 14:54:24','2020-05-21','2020-05-21 00:00:00',-25000,'Такси в автоцентр',NULL,1),(856,32,40,34,'2020-05-21 14:54:24','2020-05-21','2020-05-21 00:00:00',-30000,'Такси из автоцентр',NULL,1),(857,32,37,34,'2020-05-22 05:32:38','2020-05-22','2020-05-22 00:00:00',-70000,'Обслуживание карты ',NULL,1),(858,29,56,34,'2020-05-22 05:41:02','2020-06-19',NULL,-960000,'Формульный ввод транзакйий',339,24),(859,6,58,36,'2020-05-22 06:39:20','2020-05-22','2020-05-22 00:00:00',500,'6565',NULL,1),(860,32,37,36,'2020-05-22 06:40:32','2020-05-22','2020-05-22 00:00:00',-100,'11',NULL,1),(861,32,37,34,'2020-05-22 12:47:05','2020-05-22','2020-05-22 00:00:00',-5300,'Кефир',NULL,1),(862,32,37,34,'2020-05-22 12:47:05','2020-05-22','2020-05-22 00:00:00',-13000,'Кура для супа',NULL,1),(863,32,37,34,'2020-05-22 12:47:06','2020-05-22','2020-05-22 00:00:00',-2800,'Хлебушек',NULL,1),(864,32,37,34,'2020-05-22 12:47:07','2020-05-22','2020-05-22 00:00:00',-400,'Пакет',NULL,1),(865,32,37,34,'2020-05-22 18:44:35','2020-05-22','2020-05-22 00:00:00',-2700,'Молоко',NULL,1),(866,32,37,34,'2020-05-22 18:44:35','2020-05-22','2020-05-22 00:00:00',-4900,'Улитка греческая',NULL,1),(867,32,37,34,'2020-05-22 18:44:35','2020-05-22','2020-05-22 00:00:00',-2500,'Крем Княжеский',NULL,1),(868,32,37,34,'2020-05-22 18:44:35','2020-05-22','2020-05-22 00:00:00',-3400,'даниссимо',NULL,1),(869,32,35,34,'2020-05-22 18:45:07','2020-05-22','2020-05-22 00:00:00',-20000,'Оплата за доменн',NULL,1),(870,32,35,34,'2020-05-22 18:45:07','2020-05-22','2020-05-22 00:00:00',-30000,'Оплата за хостинг',NULL,1),(871,32,37,34,'2020-05-24 16:41:03','2020-05-23','2020-05-23 00:00:00',-65000,'Поход на рынок\nБроколи\nОгурцы\nПомидоры\n..',NULL,1),(872,32,37,34,'2020-05-24 16:41:38','2020-05-23','2020-05-23 00:00:00',-5600,'Брокли',NULL,1),(873,32,37,34,'2020-05-24 16:42:44','2020-05-23','2020-05-23 00:00:00',-42100,'Леруа - доски и наждачка',NULL,1),(874,32,37,34,'2020-05-24 16:44:29','2020-05-23','2020-05-23 00:00:00',-3500,'хлеб',NULL,1),(875,32,37,34,'2020-05-24 16:44:29','2020-05-23','2020-05-23 00:00:00',-12900,'шпик',NULL,1),(876,32,37,34,'2020-05-24 16:44:29','2020-05-23','2020-05-23 00:00:00',-33900,'шейка капченая',NULL,1),(877,32,37,34,'2020-05-24 16:44:29','2020-05-23','2020-05-23 00:00:00',-9900,'шоколад',NULL,1),(878,32,37,34,'2020-05-24 16:45:58','2020-05-23','2020-05-23 00:00:00',-10400,'Масло',NULL,1),(879,32,37,34,'2020-05-24 16:45:58','2020-05-23','2020-05-23 00:00:00',-5500,'Яйцо',NULL,1),(880,32,37,34,'2020-05-24 16:45:58','2020-05-23','2020-05-23 00:00:00',-4400,'Молоко',NULL,1),(881,32,37,34,'2020-05-24 16:45:58','2020-05-23','2020-05-23 00:00:00',-4300,'пакетыдлязамарозки',NULL,1),(882,32,37,34,'2020-05-24 16:45:58','2020-05-23','2020-05-23 00:00:00',-6900,'фольга',NULL,1),(883,32,37,34,'2020-05-24 16:47:52','2020-05-23','2020-05-23 00:00:00',-14800,'грудка куриная',NULL,1),(884,32,37,34,'2020-05-24 16:47:52','2020-05-23','2020-05-23 00:00:00',-5100,'Нектар тыквенный',NULL,1),(885,32,37,34,'2020-05-24 17:44:48','2020-05-24','2020-05-24 00:00:00',-7100,'Квас',NULL,1),(886,32,37,34,'2020-05-24 17:44:48','2020-05-24','2020-05-24 00:00:00',-3500,'Батон',NULL,1),(887,32,37,34,'2020-05-24 17:44:48','2020-05-24','2020-05-24 00:00:00',-17300,'Сыр',NULL,1),(888,32,37,34,'2020-05-24 17:44:48','2020-05-24','2020-05-24 00:00:00',-12300,'Голень куриная',NULL,1),(889,69,59,34,'2020-05-29 18:33:08','2020-05-29','2020-05-29 00:00:00',6000000,'ЗП',NULL,1),(890,70,59,34,'2020-05-29 18:34:09','2020-05-29','2020-05-29 00:00:00',4236500,'Актуализация',NULL,1),(891,69,-1,34,'2020-05-29 18:54:35','2020-05-29','2020-05-29 00:00:00',-2000000,'На хаванину',346,1),(892,71,-2,34,'2020-05-29 18:54:35','2020-05-29','2020-05-29 00:00:00',2000000,'На хаванину',346,1),(893,71,59,34,'2020-05-30 13:09:32','2020-05-30','2020-05-30 00:00:00',136800,'aSASD',NULL,3),(894,71,60,34,'2020-05-30 13:09:47','2020-05-30','2020-05-30 00:00:00',-2200,'SSS',NULL,2);
/*!40000 ALTER TABLE `Transactions` ENABLE KEYS */;
UNLOCK TABLES;

--
-- Table structure for table `Users`
--

DROP TABLE IF EXISTS `Users`;
/*!40101 SET @saved_cs_client     = @@character_set_client */;
/*!40101 SET character_set_client = utf8 */;
CREATE TABLE `Users` (
  `id_user` int(11) NOT NULL AUTO_INCREMENT,
  `password_user` varchar(64) NOT NULL,
  `email_user` varchar(256) NOT NULL,
  `id_telegram_chat_user` int(11) DEFAULT NULL,
  `code_activ_user` char(32) DEFAULT NULL,
  `addate_user` timestamp NULL DEFAULT CURRENT_TIMESTAMP,
  `name_user` varchar(256) NOT NULL,
  `id_manager_user` int(255) DEFAULT NULL,
  `guid_user` char(36) DEFAULT NULL,
  `api_key` char(36) DEFAULT NULL,
  `api_key_finish_date` datetime DEFAULT NULL,
  `telegram_add_code` int(11) DEFAULT NULL,
  `telegram_chat_id` int(11) DEFAULT NULL,
  PRIMARY KEY (`id_user`),
  UNIQUE KEY `email_user` (`email_user`),
  KEY `id_manager_user` (`id_manager_user`),
  CONSTRAINT `Users_ibfk_1` FOREIGN KEY (`id_manager_user`) REFERENCES `Users` (`id_user`) ON DELETE SET NULL ON UPDATE CASCADE
) ENGINE=InnoDB AUTO_INCREMENT=37 DEFAULT CHARSET=cp1251;
/*!40101 SET character_set_client = @saved_cs_client */;

--
-- Dumping data for table `Users`
--

LOCK TABLES `Users` WRITE;
/*!40000 ALTER TABLE `Users` DISABLE KEYS */;
INSERT INTO `Users` VALUES (34,'b06c6f8e73f712a140bcfcb14db7d738','mag.ondrei@gmail.com',NULL,NULL,'2020-02-14 08:17:40','Макрушин Андрей',NULL,'250ab62f7c864801951eb72fd574998b',NULL,NULL,32081,NULL),(36,'b06c6f8e73f712a140bcfcb14db7d738','spark-mag@yandex.ru',NULL,NULL,'2020-02-19 09:49:14','AndreyMakrushin',34,'3c0d9efff8394378b50c8fde9e826624',NULL,NULL,NULL,NULL);
/*!40000 ALTER TABLE `Users` ENABLE KEYS */;
UNLOCK TABLES;

--
-- Dumping events for database 'kojima'
--

--
-- Dumping routines for database 'kojima'
--
/*!40103 SET TIME_ZONE=@OLD_TIME_ZONE */;

/*!40101 SET SQL_MODE=@OLD_SQL_MODE */;
/*!40014 SET FOREIGN_KEY_CHECKS=@OLD_FOREIGN_KEY_CHECKS */;
/*!40014 SET UNIQUE_CHECKS=@OLD_UNIQUE_CHECKS */;
/*!40101 SET CHARACTER_SET_CLIENT=@OLD_CHARACTER_SET_CLIENT */;
/*!40101 SET CHARACTER_SET_RESULTS=@OLD_CHARACTER_SET_RESULTS */;
/*!40101 SET COLLATION_CONNECTION=@OLD_COLLATION_CONNECTION */;
/*!40111 SET SQL_NOTES=@OLD_SQL_NOTES */;

-- Dump completed on 2020-06-02  4:56:12
